{"file_hashes":[{"block_hashes":["MU3Arzfq704GHTHDgspcr3jaWAG4eGsHLCwLfJgJZs4="],"block_size":4096,"path":"assets/interceptor_128x128_blue.png"},{"block_hashes":["mLKy+VdBFzFGSKuDvWvQVY49xtg+uKZPrCGyq8nyu/4="],"block_size":4096,"path":"assets/interceptor_128x128_prod.png"},{"block_hashes":["es+qfDInL2K04HrgqJ0qChuDZ6fw3ghgiCHpkm6ngbk="],"block_size":4096,"path":"assets/interceptor_16x16_blue.png"},{"block_hashes":["R0sC2LQ7XJA5+yImteB3K02PWKFxtYni3TVCJJsK0V4="],"block_size":4096,"path":"assets/interceptor_32x32_blue.png"},{"block_hashes":["uQC6GkYyZGUVlrxAcwin0vQyrFKShrBw56tOshzt2jo="],"block_size":4096,"path":"assets/interceptor_48x48_blue.png"},{"block_hashes":["Ld9vprVjWMON/waT0OXr+RLuL9PC2CoHdDFcVcaSgf8=","kF+WaIvgxlIQMXGd0LPMyGMwawP0aQP12U2gMRGfaMw=","tLnihhCMbsDVjGVJioTVvmmtnG0yxWyxZXhFHznIuCc=","jUH6fo95BeIts2aoAcFB9D4S2iSATVmOPLef903bfIA=","npLiKdWCyMyeMjbg49EzwDoCX7vCnMkIVLnWfodaOSA=","yCicPzetcfQUKzd7P6i9LRmXVXn/98yGLKlaELeTfL8=","/5iySNL05K9g05OmCUP4/dYR6ha/af0LCSWghbJCRLw=","P1L5j2ifvI8xJO5k5nBHec9j0XTX1qhpL+EYuSXtvqw=","8IYh3NnlSH4I/FnAQ6jZSkTeG7s7SoUeG1i4JXq/q34=","0GujI+FXhlyiyRxu7pB8p7GZZv7+3foEBYCGeYihQpg=","Ocw1mVVBIO50ghCFkndFi0vzCFoSm/ISoR/D+MI1Tck=","RznliD1/XusiNT8JlHuEg5He8grl/3nAxSPn2MI3rlw=","YtKmk0hpm6w5M1UfHv9K9hHTfpIASJLqwFrkd9kVFiE=","MGnQBguPbjoMdamuqXs934AnO0ofmSQs1vHVfqIaIpY=","fIwhqdH2OteXjGN1myd0Pc2T47v6WruPLRrshk3ABAI=","atJ001sy9a4xbbiBMx4/I39/reSsgWELeofgSYASixQ=","Eq12ZA7tWpjtWGyF7LLj/BzG3n4N/khxIAfeg7nShZE=","XZjCeDAgAru3wwSkZ7SSdw4uWuaWeewyAAzbFvKNaU4=","uzPSQ4el4mZ0opUTgwxgCQMA3dWhSmFdZ73qzzdgA1c=","Iad4AoEUUQQn9nfMYO5PzSHqccEq9/wfeS2uAcrAQ4o=","6CwhgkKMXc61KRs3cGuAlxNLR7u3Afx6/0ScTkT6lsI=","3OJQwiJxqfM7PqJiERjI1f/pKbXDZf60XVxTWr9BQpU=","82dWUne891XZ8IWWIK0i2rMX+wqMS4zQbY52VqAHXeY=","G4chuseYiztaB6LjxeKSelNQK01AAcmqRcT+CzGl2AQ=","7yfFp/gBrGaQr1UgpThYSeUCntT7Zb8d2+BhVJAWGPs=","IN7Pf97+yzTf5b6NyoX3AEtImH38FiuXxcoKtQ8ucAA=","Wj6MKlWpcnBlUr0eiL4ru2LzoypduGxLI0uCPW/oPCk=","buoz6M/UujNS9rSp1fxo/LwGU5qbGP93+5aXJPDF0kI=","mSjtb9tJ/JFhH3KHLjEnTksNgpzXxKo4/9X20o604MM=","ePt+eUD39DvI51hXV2yq/mHFkvcG3kmSxoFc8O6H31A=","CgGNXMW24SI4no4D7lC18zBYK2FxtN6h7qiUfHBp0ig=","gO4Q89ReimiH127+qNCqaPW+MkpsgqUDSuIoLpPV/oc=","gi5r625WNd4B1uQ/74qbbb6KLJlXdF2EbIjdGjKbKWs=","8ZZibRdb9BL45K59v+ylZbM5U3M1GzSyWKh/eb8GEaM=","88nwO7hNdo1FG5LdJ2X0CY2/uv+yy1ZcSZeh+oY8CiM=","52aWC4LfaOQxH3fo0yZ2oxIoYHxmZkMBwzu09+fdxOY=","MpOT+pvj5JFT+eTNZ9V6KdmqP2Pb6J5oFLrfk5WsWpg=","P/zKNRceFdqBhVD6WqJ81lNx7EEMXmDIBe4Gj59mOUg=","S/zDN0Rn/ySMN8mXtuNj9vJ9/eKgOpGWYIzja6PhL0Q=","BXrHJkBJm5kRdlWKgiJoPIH4ojq1v5A0UrVkvni3ka0=","rt04bnps9fO4wjWzlOgTJs7oZFUFtQCXUORgqjWncvw=","Zukt0OMCAfeGPtik4HdkVj/fJ+ms1Tz7kiBLcUIYSE4="],"block_size":4096,"path":"background/background.js"},{"block_hashes":["2aVIyDTh/ZMNu3PM4ls7QB35icbaxGFdEBKkLdJeurI="],"block_size":4096,"path":"html/background.html"},{"block_hashes":["9xlqS5j/LifuuzkzPeXiMQVCs+AA76Jkitq+oYMoezY="],"block_size":4096,"path":"html/index.html"},{"block_hashes":["nJh18FmVQmfq7bCMTQR1LcYKCCmyUQtwhKiZtkJk85w=","17XsgCJ/kJ8zD4IQm+Bq1FtPVTjx5t04vcKNoGW3zUM=","k1XSnlaLDufeVeFsbfiu1VDAMVjwrpeHApqP1umRLOk=","aGilvymKhG9U/tpf8Ia/+yq0d0i+ndA/g8ukYL3BmGg=","vIYqMZxxjYJLKOD47cXYt9xqrvevdivH29szK8bILig=","uty3VEIR91PTWcrgPBolkQyhtF9135HOESFWw5sKATY=","HoeRwPkvh6vHvdT1xZF9V/xM5qLWVaGsSolIMBR8uGA=","Zvc2v5wBN+KNcSDHkj4zj6ejyc/6W5JgYPLZda9chw0=","VNXSsJ4X3IuewCntODS8vDuqRJOhdwUEoRE6aU+NbEI=","WlvZWY+9vwq/eYMDFkuSP8v4glc/m+09YLsUpaY75HE=","X54vONLAm6z0am2ziQLf4CQ6NJA7FUAfT+0PO5edLt0=","okgvIU+tcxarfBcJHwi3KlwbjLIR44XYA3EQv/XlWNc=","mOKcmNWMoZPsIVboU1K/G+qHEbSDezSMYx1jS/Kutl0=","RJDsMoNGJKn5Xrm9yspNnSYpRcxa6NoVXDfV0pmfzK0=","k5jqiAddQ5XnWwgtA5tMn+BkSWImWsrcxCRX2JqnNzI=","JLvxl3N/HsL87g0iwzORY6yQcnU+yGDDpG3+IzfVPFw=","3JH3VYVYEzTP7VN+Wm6steYWC7WRlxHvy0FSvlTLojU=","LErP+LHgyNDVXBzrBFw3TV/E8Zb5hlag2G8B8Itm2ys=","jQvfAX9oKbmE/wsBNp3HWOaNCp15b2jJ0IFsNyp3loM=","qwwmOL06nRdYMVk+KcTE3Q+ypPzHE8tARvNXVilzt6k=","AMbQFmAPALDTy/rVoHlebBE2wMRp2wCR5vEjMFh2Q6k=","jXf+ULp1F7QRa0KflizCTvNEvnrRkkGfiqFkfJlo/MI=","6yMfaYqKvE0vioHBamGzWmWmboJkBdwCcD90m0nYJek=","/RrOKo3ZOs/qvu8KtpUgSPbPdP66LZmuI/SIN4j8vCY=","29+8H1FKDBicJ7Mn5IuytVFhXskj6Z+8s0skHsb6wFY=","6c7dgtOQ5OmCH0ZTld3RhWHwcuevH7eFIqp7+X0l6so=","/sqFRbNvrZv9AofFyWp0gzfECzeNeUQ8INOXDsMPx/Y=","hVsXyDqVMPP90GOWVTTBB5ZjcYMeGAwLWMrTZPH7FF4=","lmIXRs5dRbm1RZISWm7h4+vlT6WBO72dCOMtJrXaYtY=","8F9XXPdVfwZEOV5yjIcgbmWxoRjnPV2iG48H8Arjlfk=","qEcdJMyzV2YWmlJRMZop99GCWlzvIIQDA1qfWuEnyF0=","WMCnTa3r0HrpJ1S6RQFlwwyBNGN7g/9eg7ghJrezb6Y=","qIHpnwZOh/FKF4sQq54HKSa3gu+eGskZTcrDtBSTYNU=","IUm31MsuRi3gMT9CYnHeEHgLNklAZEE322+wSIaQqhU=","aTmX+61UqxK5p5NctYetIE6+jRu+1TzlmNph+wDtAgo=","FzsJojP0exkqtjUVEIF9w3l9NbqxsKNnVz/scj/0EFQ=","uAkMqQcXg26W/HQuCYE0L/PqWOEmRUOLiYDcQycNN8c=","nm2y0a02da8xii28Pmpn7M8ernKmw5asOgI/dlbE1sE=","Saix+DkQ/ecy6GFIRjk6r1y/EjAKhmBCtvZe9Vf8Jpg=","47PKCFKpI7BjaXAGonplzXeSQjsGWRHP29Br7ES9ND0=","aZp3quCFSyYowH0HSJgUCWdwqwURRmZnD+NGNMT3ZBw=","AYbXwMxHX36r97Ib8Gr96DSAIYNQWQkEvp0aIGDVCiU=","BI2N34QF1DdXPtgrZMRxbmARlArZbAIW0pt34SEzoog=","axbwCQ7xH2KLXNTsN+HPVibmJZTarGIdw466bAZLKEE=","EJbd+85/0FJXGIKkWaVkesuMtD8Z5RXpU6oUpuloNyk=","m8XeJEn5Ib4Oxd5wHaDmHaMUYO9aP1oTyVcXrKfiWCg=","yMMfBc7+7XyawP1e5OAGt5X0NXF4WtRb9ijeaYEvVmw=","x1V7wbhKRspt4c0WIK+Rx++4sUbHwotO8JLsYOAPYKM=","tZg3ndD7xbe/DEX+Pe+zUegrn/Szgut9b3AOmOR2AcE=","cOVun+hJTdvTlFFjfwk/Mr3N8yWR9Bqbt22FM27ecpg=","23knHWqT6+tcWqK5Es73U46d7AggCqm3SQDSUAzzBas=","CDf7Y74HzqvfEl9DNzUhuq2l1mKJ14fgltTHTYPI5ug=","it2+IbXcaAEar+2SamescZZC1yHfA0CAf/zN5B5sxQs=","IqTeVXsHQeZpCU2l1FLDn1JeLJKe1vHmrayCCA2Fm7U=","K5baZgQdESx05zdU/Zde+zMJdUrm4gnaOeD5plBkTL8=","eBJNP2Pnzy2BTXcjHzSmvIAlqr1mwLDUznBMSz5WZxQ=","zGf8QNYrmS5Jtxr/ZLH0EepuDqRCEZo9ukT2upnHEtE=","vQAuy5fOo1cafzuB2M9gXyH7JcGqpI0BPaPM8emo8gw=","zUEVihTxJlol4QpJutgNwaHAV19aqL29emWwdAIQA9I=","asSFYag0X7kTlHqDNM803iBuuP8WVqzKpT2cx5jEhmQ=","fnKFyrP/OXGI2cH1GfIL6a0TGpm07LN7QiKEF7LOHCk=","FijySUNkfd7Q66697wnLbW+hbljl7m7vhZ10uq2Bo64=","4BQyu090rqlVvuc0PS0uTlJUUuwwkv6f9owkX54BFzo=","TV/Vakhcr7WTBiHp3NVQHTux+zSBDQ2K/vAwcPk2zdU=","tVd5xJrMx5xV1K4xqaD6EPnFS+9ihDhekSdG74cM4hs=","WhlvDCMvUq+W2eBdMhwEBYtFSLeQdRiVLRVXAfYse64=","ZimyN6r57zVBTVsiLVCFz6L2SgoCua3y2Zfz5uk/02k=","8YLs9ZzqtH3+c20ZLMjqb/9eVxt0JC/6RJtxBoQO3Jw=","d+gmd6HfNgelaYdRDSOChCAcsjYdnnbT/UCbwx3vfus=","ze1OgEIfETO7IOhE3RJ7vxpv098GNpwxYte7fRzbfc4=","kjWsBPrJgc38srGzkvESJVhpYlCLyNuyy3bjL4RAdQc=","l8rUGgny+QtlGu6eBqAUBT0pVlMu6K4U0PjfhTRxJQY=","DstHYiWExp2Fpx9ulDafNEvDxdJjEMc1UTlw0HEfHW4=","0lumJiBpskQsJSsHqvTt4+IB4OFtABmqNX+EW6FbhF4=","HwSq4dMf3x17dt8k1vLgwx6ThkJyIGsVBa4zPzg0+L4=","eo8CgV2fkl9JvGQSgZPfMv9die4zA9I9eys1ll3sDrU=","zblvFBWLni2B04nAcDS39Fz+zV7RW+DYthGtpea2Mu8=","CqoRu6Fgujf2GldOH2OEItzWsfFXY1AbhGORsY0/E4w=","pZ5mvG7OiyVcohQFfkz2FP44QC1WZnamiBdrNsRWGlA=","Aq/TnVEGj2go1FW4rmITInLLa0pOVTffKm8Lg5n+A8c=","WTNPKP6z+EYjchMJ//W/0al50C3ddTzm4l8S8fet8FE=","K6GPKjph46FfvppOdFSU6I4mwonqw/d63KRFv6AO4CE=","A3ExnjA0ETHr+ZCays+KVmR1L3d5cKy00oxTcaCyhZs=","vRdVu+PCwynnTVP3eJ/Rw8BeOSAZVe2rFftzfFKwvhU=","JbGklQEfXxasgjVg2RqFag6+fs4ZFv4PORC7vTZrjzE=","5dAnHOCX1mydsN+XisCOB7YRVJ/wDr7IaQmAGcriMqU=","TqUPcuidJ7+yAGKIkSaj+xbMWk/mbmf8MyYY+/cmfRw=","VpsogLiHS5Am25UzGe1FwCvBEyBVGB2qqivGnQODxsU=","/ZJyj8RvVeg1yFLealPtkQH5fs7ieCDO9oaaBNF9ego=","gEuI2W+FoLlargeAZem8CPUaIpvbfwWL8TYj8U1CI38=","uT/eewPMSS8IYxEUMF0EDb4mzFdQ08QcD+brkz0bSfM=","M6hX9hR/5AZEyEkal7QRWBO2W5DZjE72rIYiF6H9i08=","G3lc8eHRkXzM77P8xOGPCsVisv9rivOfC6Y0bBoTRWo=","e75qAdUFu36uQuBn8VbabOL29uRWh4K9Os6DGCD2GEk=","X6sSAv5xmUJJLBGKUtNgaxG+TwTURJF/MUiCU8bxuEg=","GRxH3i63M97vNnpsW89jw0ZAdw6C/EUf58oNZ48tlP4=","3iYZG3rvexD6X4Y4hVYx0jujd87QD6HzEtSkGCAFwB0=","LZFwmGXGsC7WD4TBOOiFTNr2RK5JPtTv5LvrX+zYUV8=","ar4G4su/xZ6JZnrq7WyRT7c3KI89FceW0Ucn9flXauw=","j0Mwh5zZozQt0uynxiH3hyM/fab/qpfsTjumDliODko=","3O5UGMUdCLE/xAWVH+DR30QOIfGtD1BrMJISGE38BR8=","Y36sG72EG/vR/eaHCLFvLdw2GuC7FsQTmJWCmVpEuH0=","ggviANrFDDytmUZ4wxOo9pI8Fe2UJipZ+hDeRSzKwUw=","8uQrzT/nlcWQPnbBO0IPoEenUYLPZVZTsnquEbykliM=","bh/VoydxBVFJC/JOSnvdYCmMNg+Jafvxj4Df5FOypAk=","I6thYzqdllolzEdgFfT1MhaQoZBzAvHM4KcuCsqmfmE=","HVjkVgjhm/RtrIC3wA8hdPUXzrw5eSU8xuFxKb31ODo=","6aMzaIm/UIceFfwFzJWtBe1XOBLO8WdfvWRTehgJUD0=","fFZLaOijialRLjnkkiVOujbcSmHXJJPEYys8UHz6Qbc=","+gtAvk7Rl4hI/IS6pr4omRPlOt08r3ZeBrWHtabxnAQ=","UBiU2wuypc/AcwCvH3d8bRkgW0qdpABapTy14c1qAx8=","4IJP/IS6KxV6eXP/qgEb5nbY0sSCoSZ80A7iJpoCllc=","x1rZCdDH27drjYflb0GsY24CYdUm4QP3sCoOU4CsG4g=","z4BkQ2jIkn6yquRo3BqZi+Gx0dSSZSAyggAFrH2xva8=","8SD2rFQvTDIc3ZXK9DuaepiS5sdv1ss93MtQRqResbY=","XzypsUaUgRlFyXY9QAFkdz+x9456E+xDMDYQO2TOiL0=","WDmJcYtBiYXNkKij0aZQKnJQekQLau+1WZC3xynOI2g=","WLaUSuT9DTjrpf9Xz85l85/tp96YOp6EtajNePvFt6I=","oiJREuSOeRnoc3NWBL7qHzSjVl8u85JZAoFqgXDNC/k=","J/GIK87tobSjCU3SvncpC/LpXrzpGjGABI/k93Yllmw=","QE6rVOcklk9doNvB9lmTK6NV55dAT+FcODd0iokWXn4=","GNyhL9BinXcP6REcn9hXyOntgxncz6Bwgrc1iMyiM2M=","hoDHfE7JO6HSKEgA7i6b8IqWrEXCgxb3R/vBIYYZQsg=","MzrZzl3G728uIo4INFS2dGKu8XDyPz+W5zB4osfaDv8=","KM/0o2tMPk9WNFGDcR5IaST/qsLI631h2xcW6aySS6w=","hc1/L3Kb0GZ72XCCDxzBWlHm8qz96a/TH2m9DG7h3Xo=","u5Tdqw9orsWbCt+FJS9FAZSSlI+gVjR2YosaP5SlR2s="],"block_size":4096,"path":"popup/popup.js"}],"version":2}